mes,sesiones,primeras,recurrentes,pacientes_nuevos,precio_recurrente,gmv,pago_psicologos,comision_bruta,iva,comision_neta,pasarela,tech_variable,margen_contribucion,b2b_neto,marketing,costos_fijos,ebitda,ebitda_acumulado,contrib_por_sesion,monto_medio_transaccion
1,100,100,0,100,10.0,750.0,562.5,187.5,24.46,163.04,48.75,25.0,89.29,0.0,1200.0,5500,-6610.71,-6610.71,0.89,7.5
2,180,153,27,153,10.0,1417.5,1063.12,354.38,46.22,308.15,90.79,45.0,172.36,0.0,1677.0,4800,-6304.64,-12915.34,0.96,7.88
3,300,216,84,216,10.0,2460.0,1845.0,615.0,80.22,534.78,155.7,75.0,304.08,0.0,2136.0,3900,-5731.92,-18647.26,1.01,8.2
4,480,298,182,298,10.0,4055.0,3041.25,1013.75,132.23,881.52,254.47,120.0,507.05,0.0,2684.0,3870,-6046.95,-24694.21,1.06,8.45
5,700,385,315,385,10.0,6037.5,4528.12,1509.38,196.88,1312.5,376.69,175.0,760.81,0.0,3187.5,3870,-6296.69,-30990.9,1.09,8.62
6,1000,500,500,500,10.0,8750.0,6562.5,2187.5,285.33,1902.17,543.75,250.0,1108.42,0.0,3800.0,3870,-6561.58,-37552.48,1.11,8.75
7,1300,598,702,598,10.0,11505.0,8628.75,2876.25,375.16,2501.09,712.73,325.0,1463.36,0.0,4686.0,4920,-8142.64,-45695.11,1.13,8.85
8,1600,688,912,688,10.0,14280.0,10710.0,3570.0,465.65,3104.35,882.6,400.0,1821.75,0.0,5178.4,4920,-8276.65,-53971.77,1.14,8.93
9,1950,800,1150,800,10.0,17500.0,13125.0,4375.0,570.65,3804.35,1080.0,487.5,2236.85,0.0,5700.0,5390,-8853.15,-62824.92,1.15,8.97
10,2300,897,1403,897,10.0,20757.5,15568.12,5189.38,676.88,4512.5,1279.09,575.0,2658.41,0.0,6330.5,5390,-9062.09,-71887.01,1.16,9.03
11,2650,980,1670,980,10.0,24050.0,18037.5,6012.5,784.24,5228.26,1479.75,662.5,3086.01,0.0,6576.0,5390,-8879.99,-80767.0,1.16,9.08
12,3000,1080,1920,1080,10.0,27300.0,20475.0,6825.0,890.22,5934.78,1678.5,750.0,3506.28,0.0,6980.0,5390,-8863.72,-89630.71,1.17,9.1
